{"cameraMode":{"drawMode":0,"name":"Shaded","section":"Shading Mode"},"sceneLighting":true,"audioPlay":false,"sceneViewState":{"showFog":true,"showMaterialUpdate":false,"showSkybox":true,"showFlares":true,"showImageEffects":true,"showParticleSystems":true},"in2DMode":false,"pivot":{"x":-3.5390257835388186e-8,"y":0.5360225439071655,"z":-0.038216982036828998},"rotation":{"x":-0.0076720197685062889,"y":0.9853893518447876,"z":-0.046159323304891589,"w":-0.16377635300159455},"size":1.773364543914795,"orthographic":false}