{"cameraMode":{"drawMode":0,"name":"Shaded","section":"Shading Mode"},"sceneLighting":true,"audioPlay":false,"sceneViewState":{"showFog":true,"showMaterialUpdate":false,"showSkybox":true,"showFlares":true,"showImageEffects":true,"showParticleSystems":true},"in2DMode":false,"pivot":{"x":-0.20889222621917725,"y":-0.02268543839454651,"z":-0.42524218559265139},"rotation":{"x":0.043194085359573367,"y":-0.7406911253929138,"z":0.047840945422649387,"w":0.6687468886375427},"size":3.065666675567627,"orthographic":false}